accuracy,loss,val_accuracy,val_loss
0.0028400125447660685,,0.003065272234380245,
0.0027498535346239805,,0.003065272234380245,
0.0027498535346239805,,0.003065272234380245,
0.0027498535346239805,,0.003065272234380245,
0.0027498535346239805,,0.003065272234380245,
