accuracy,loss,val_accuracy,val_loss
0.15611054003238678,13.204839706420898,0.21204471588134766,4.627473831176758
0.3101924955844879,3.5876076221466064,0.25567975640296936,4.211822986602783
0.451967716217041,2.5329670906066895,0.27695637941360474,4.36506986618042
0.6232700943946838,1.5877960920333862,0.2610890865325928,4.87429666519165
0.773069441318512,0.9084041118621826,0.2535160481929779,6.4932026863098145
